Kapulia#3485 => Kapulia
turt#8944 => Turt
Wardoxy#9999 => wardoxy
CaptainEditor#4432 => Cactus_Blade
Bowby#0001 => BowBy
Mifki#0269 => Mifki
TheHD#6290 => TheHD
Cruelghetto#0909 => Cruelghetto
Mystic#8521 => SimplyMxstic
DeathlyVoices#0001 => DeathlyVoices
Bluq#2277 => Bluq
Rendr#7745 => Rendr
PigRank#4009 => PigRank
xAyman#5811 => xAyman
Codies#0001 => Codies
Zenroy#6049 => Zenroy
erica#0610 => Erxca
PureMisery#0001 => PureMisery
Briban#8927 => Briban
Eton#5058 => Eton
Fantasma#1445 => fantasma
vitela#8919 => vitela
Chqco#9624 => Chqco
Sandiste#5603 => Sandiste
Steamy#0001 => Steamy
Cleric#4876 => Cleric
seb#2178 => Seb
mcvisuals#0002 => MCVisuals
creampai#9201 => creampai
Mathpixel#6526 => Mathpixel
Glitch#5057 => Glitch
TheRealKarp#8025 => sailo74
Sexy Axolotl#7705 => Blendir
Craftor#9850 => Craftor
Yellowa#6969 => YellowA
Cosmic#1000 => CosmicGG
Daresome#4407 => daresome
afkJustin#6915 => afkJustin
Andrix#1549 => Andrix
updatedsoftware#0733 => updatedsoftware
Shadowspirit#5760 => ShadowSpirit
qlurr#9349 => qlurr
ollie#7597 => Ollie
xPas_#5706 => xPas_
egom#0555 => egom
Suzerain#9600 => suzerain
Quadrupled#8980 => Quadrupled
69<3#2510 => N0tTryhard
uwu#3764 => teamgrief
WarOG#6107 => WarOG
Scamings#4949 => Scamings
Bishr#2071 => bishr
BLTMASTER_#1297 => BLTMASTER_
Incessive#0818 => Incessive
Sushiye#9756 => Sushiye
fehhs#4937 => fehhs
Ecliptic#3259 => ecliptic
TrappedKid#9939 => TrappedKid
AJ13005#8280 => AJ13005
justimagine_#6334 => JustImagine_
Hnzi#9269 => Hnzi
Colin#5389 => Colin
wqly#1317 => wqly
Scottishlad#6666 => Scottishlad
WeX#0637 => wex
1ive#9258 => 1ive
Lectro#4556 => Lectro
Axeternal#3669 => Axeternal
Cookies#2274 => ILostMyCookie
Sov#4043 => sov
droneM4#1190 => droneM4
eHypixel#9711 => eHypixel
Animashun#1345 => Animashun
Sharkloot#2992 => Sharkloot
acudofanboy#9580 => acudofanboy
ImSavage_#4776 => ImSavage_
Aninio#6226 => Aninio
Pelle#4274 => Pelle
wez#0001 => Wez
MrTomato#9412 => mrtomato
GreenyLeaf222#5110 => GreenyLeaf222
DeadlyWotsie#3534 => DeadlyWotsie
ohFinn#0001 => ohFinn
Zundabear#8377 => rrawrxd
Yapad#6293 => Yapad
Mira_23#8803 => Mira_23
NeoBoi#4196 => NeoBoi
Daron#6330 => daron
paris#8217 => Paris
Ayjei#4990 => Ayjei
TomCabloGaming#8544 => TomCabloGaming
yich#1894 => yich
TheOtherVerion’s Testing Account#0423 => TheOtherVerion
Zeky#2185 => zeky
listenings#8716 => listenings
Buttzz#2818 => buttzz
endy#6243 => Endy
NathanDh#8571 => NathanDh
Lemonum#6969 => Lemonum
rotide#3523 => rotide
HA_lmao#7370 => HA_lmao
Ella#9622 => Ella
Oluprite#0001 => Oluprite
Interraction#9706 => Interraction
Morich#5188 => MorichMC
MitralyxL#1337 => Mitralyx
MrGablo#4464 => MrGablo
Chipperonio#8614 => Chipperonio
volaxi#8938 => volaxi
Olaafff#9918 => clqf
Artiiiic#1134 => Artiiiic
ArthurAndCie#2837 => arthurecompagnie
smellbad#3057 => Smellbad
ItzMaciek#3389 => ItzMaciek
HomeBoyGuild#8549 => HomeBoyGuild
BlazeFria#1194 => BlazeFria
Axeternal#7062 => Axeternal
atrinclient#0710 => AtrinClient
JuliusVer#7304 => JuliusVer
Leex#5167 => Leex
6j2g#4622 => 6j2g
vro#2619 => vro
69_Boomer#1549 => 69_Boomer
Detari#1337 => Detari
rClrd#7121 => rClrd
enjo#7590 => Enjo
SimplyJesus#9023 => ughJesus
mathis#1238 => Mathis
CrisElPerro#4559 => CrisElPerro
jirz#6332 => Jirz
swovo#9112 => Swovo
yoshi#7729 => Yoshi
marcel#5483 => Marcel
Hot_head#8387 => Hot_Head
Darkerism#6349 => Darkerism
Narra#6856 => Narra
Pelist#4564 => Pelist
chad#1909 => Chad
Vel#7275 => Vel
ItzLz#6087 => ItzLz
abby#4903 => Abby
waitron#3328 => Waitron
iCanadas#0666 => iCanadas
Boogerman#3431 => boogerman
h1perf1ux#1260 => Sniperiq
ArthasMaxim#6603 => ewwMax
vSharky#6371 => YouAreAdopted
InvaderGamerYT#9707 => InvaderGamerYT
deku#8227 => Deku
howlost#1672 => howlost
Dasnerth#5740 => DASNERTH
FrostDragon#5227 => frostdragon
dragon_o#8518 => dragon_o
Sammiblue#4422 => SammiBlue
hanthegreat9#8730 => 37han1
ABurningAura#9945 => ABurningAura
AllStarDrake2#7752 => MistakeDrake
Deejai#4475 => DeeJai
Toumba#2112 => Toumba
simen#8601 => Simen
Shqrp#0001 => Shqrp
Kavbin#3788 => kavbin
NoTwo#3984 => NoTwo
St4r#3791 => st4r
GrammarlyPremium#4537 => GrammarlyPremium
data#8045 => daytuh
lofi#2973 => Arc
DepressedDuck#6808 => DepressedDuck
FrostyJ#3992 => TheSlimeGaming
Banpai#5438 => Banpai
neutral#2955 => Neutral
Flexyyy#0075 => Flexyyy
Gingivere#5986 => mzgt
Yoursole1#7254 => Yoursole1
SpeedToggled#5586 => SpeedToggled
FiReTaPs#9307 => FiReTaPs
Savages#2841 => 69Savages
Foxyy#6009 => Foxyy
Mattiekoe#3892 => Mattiekoe
oThink#1191 => oThink
AnThony#3928 => Zhn
bobbert#6670 => FishIrakl
Endervillager#6449 => Endervillager
StrafeLife#9075 => StrafeLife
icty#6837 => icty
eloy#9999 => sloes
NotNexus#7039 => NotNexus
Firehawk2025#0768 => Firehawk2025
Ludesant#9988 => Ludesant
Embrace#8103 => Embrace
Penigloo#8738 => Penigloo
MothTheOtaku#0737 => MothTheOtaku
Ye Boi#1822 => scmeeeeeeeeeeee
AJ13005#7059 => AJ13005
dabes#0261 => dabes
Firal#8686 => Firal
oScythe_#2017 => oScythe_
Displayed#6557 => Displayed
Hyacanthus#8388 => Vortexious
Wabbit_Bit#4419 => Wabbit_Bit
Creadword#6644 => Creadword
6623fokz#2182 => OpGoDnEsS
Strike#3307 => Combo1ng
michelle#4512 => Michelle
Niki#5935 => Niki
Alonmario1#8756 => alonmario1
⛄『 ♡  𝑴𝒙𝒓𝒍𝒊𝒊 ♡ 』⛄#2791 => mxrlii
Penghz#2824 => Penghz
Zuarey#2471 => Zuarey
oscar#6204 => Oscar
DrRiddle#1915 => DrRiddle
Code#4409 => Pinkxel
TakenKills#8990 => TakenKills
Nutty#2793 => Nutty
MypoGamingyt#5408 => MypoGamingyt
Cild#0666 => Cild
